{
    "api_key": "AIzaSyBasgi9CmiqP9mQA1hKlTtZres0doAvnTk",
    "coords": {
        "center": {
            "lat": 47.694974,
            "lng": 0.25177
        },
        "markers": [
            {
                "position": {
                    "lat": 47.066309,
                    "lng": 3.015831
                }
            },{
                "position": {
                    "lat": 47.331,
                    "lng": 2.839
                }
            },{
                "position": {
                    "lat": 47.868,
                    "lng": 2.1231
                }
            },{
                "position": {
                    "lat": 47.6738,
                    "lng": 1.5273
                }
            },{
                "position": {
                    "lat": 47.491873,
                    "lng": 1.233044
                }
            },{
                "position": {
                    "lat": 47.259,
                    "lng": 0.465781
                }
            },{
                "position": {
                    "lat": 47.235386,
                    "lng": -0.009405
                }
            },{
                "position": {
                    "lat": 47.3644,
                    "lng": -1.001516
                }
            },{
                "position": {
                    "lat": 47.293804,
                    "lng": -1.384199
                }
            },{
                "position": {
                    "lat": 47.281543,
                    "lng": -2.063643
                }
            }
        ],
        "flight": [
            {
                "lng": -2.1560670000000073,
                "lat": 47.26432
            },
            {
                "lng": -2.1458820000000287,
                "lat": 47.257796
            },
            {
                "lng": -2.1225359999999682,
                "lat": 47.254534
            },
            {
                "lng": -2.107430000000022,
                "lat": 47.267582
            },
            {
                "lng": -2.088889999999992,
                "lat": 47.262922
            },
            {
                "lng": -2.0436859999999797,
                "lat": 47.290408
            },
            {
                "lng": -1.9406890000000203,
                "lat": 47.263388
            },
            {
                "lng": -1.8253330000000005,
                "lat": 47.211173
            },
            {
                "lng": -1.5712740000000167,
                "lat": 47.207441
            },
            {
                "lng": -1.476517000000058,
                "lat": 47.232625
            },
            {
                "lng": -1.3378139999999803,
                "lat": 47.325792
            },
            {
                "lng": -1.3172150000000329,
                "lat": 47.318345
            },
            {
                "lng": -1.170272999999952,
                "lat": 47.355571
            },
            {
                "lng": -1.0865019999999959,
                "lat": 47.365804
            },
            {
                "lng": -0.9835050000000365,
                "lat": 47.367664
            },
            {
                "lng": -0.9354399999999714,
                "lat": 47.380684
            },
            {
                "lng": -0.9134669999999687,
                "lat": 47.399279
            },
            {
                "lng": -0.8544160000000147,
                "lat": 47.388123
            },
            {
                "lng": -0.7294460000000527,
                "lat": 47.354641
            },
            {
                "lng": -0.6456759999999804,
                "lat": 47.374175
            },
            {
                "lng": -0.6113430000000335,
                "lat": 47.411362
            },
            {
                "lng": -0.5385589999999638,
                "lat": 47.427158
            },
            {
                "lng": -0.46852100000000974,
                "lat": 47.421583
            },
            {
                "lng": -0.39436299999999846,
                "lat": 47.421583
            },
            {
                "lng": -0.23117100000001756,
                "lat": 47.331377
            },
            {
                "lng": 0.09841900000003534,
                "lat": 47.206508
            },
            {
                "lng": 0.2604670000000624,
                "lat": 47.241949
            },
            {
                "lng": 0.46646099999998114,
                "lat": 47.342545
            },
            {
                "lng": 0.6944270000000188,
                "lat": 47.372315
            },
            {
                "lng": 0.83725000000004,
                "lat": 47.389053
            },
            {
                "lng": 1.282195999999999,
                "lat": 47.500503
            },
            {
                "lng": 1.4414980000000241,
                "lat": 47.648737
            },
            {
                "lng": 1.8424989999999752,
                "lat": 47.877671
            },
            {
                "lng": 1.9496149999999943,
                "lat": 47.896089
            },
            {
                "lng": 2.029266000000007,
                "lat": 47.848188
            },
            {
                "lng": 2.1089170000000195,
                "lat": 47.862931
            },
            {
                "lng": 2.1803280000000314,
                "lat": 47.838971
            },
            {
                "lng": 2.229767000000038,
                "lat": 47.844501
            },
            {
                "lng": 2.2380070000000387,
                "lat": 47.820532
            },
            {
                "lng": 2.306671000000051,
                "lat": 47.822376
            },
            {
                "lng": 2.301177999999936,
                "lat": 47.800242
            },
            {
                "lng": 2.4494929999999613,
                "lat": 47.755945
            },
            {
                "lng": 2.4961849999999686,
                "lat": 47.724545
            },
            {
                "lng": 2.4769589999999653,
                "lat": 47.68573
            },
            {
                "lng": 2.619780999999989,
                "lat": 47.680183
            },
            {
                "lng": 2.718658000000005,
                "lat": 47.641336
            },
            {
                "lng": 2.9246520000000373,
                "lat": 47.435519
            },
            {
                "lng": 2.861481000000026,
                "lat": 47.333239
            },
            {
                "lng": 2.9658509999999296,
                "lat": 47.255
            },
            {
                "lng": 3.0262760000000526,
                "lat": 47.090696
            },
            {
                "lng": 3.015288999999939,
                "lat": 47.055154
            },
            {
                "lng": 3.064728000000059,
                "lat": 47.036439
            },
            {
                "lng": 3.059234999999944,
                "lat": 46.965259
            }
        ],
        "contour": [
            {
                "lng": 3.1705982109374418,
                "lat": 46.99963958196558
            },
            {
                "lng": 3.1101734062499418,
                "lat": 47.11938843396375
            },
            {
                "lng": 3.0442554374999418,
                "lat": 47.29850753764092
            },
            {
                "lng": 2.9673511406249418,
                "lat": 47.365521273567346
            },
            {
                "lng": 3.0058032890624418,
                "lat": 47.48815896832655
            },
            {
                "lng": 2.8245288749999418,
                "lat": 47.6623316176775
            },
            {
                "lng": 2.5498706718749418,
                "lat": 47.79534872881495
            },
            {
                "lng": 2.2312671562499418,
                "lat": 47.88752188327275
            },
            {
                "lng": 1.9181568046874418,
                "lat": 47.95378516181321
            },
            {
                "lng": 1.6819507499999418,
                "lat": 47.88752188327275
            },
            {
                "lng": 1.4182788749999418,
                "lat": 47.754740653548794
            },
            {
                "lng": 1.1930591484374418,
                "lat": 47.591991158140026
            },
            {
                "lng": 0.9403736015624418,
                "lat": 47.514136294668
            },
            {
                "lng": 0.6107837578124418,
                "lat": 47.46588245766963
            },
            {
                "lng": 0.30865973437494176,
                "lat": 47.410149859467175
            },
            {
                "lng": 0.10541266406244176,
                "lat": 47.30223275388568
            },
            {
                "lng": -0.16924553906255824,
                "lat": 47.398996255502965
            },
            {
                "lng": -0.46587639843755824,
                "lat": 47.491870801921074
            },
            {
                "lng": -0.7020824531250582,
                "lat": 47.462168787684334
            },
            {
                "lng": -0.9602611640625582,
                "lat": 47.480734514136486
            },
            {
                "lng": -1.1964672187500582,
                "lat": 47.42130110188622
            },
            {
                "lng": -1.4601390937500582,
                "lat": 47.37296199536574
            },
            {
                "lng": -1.5809887031250582,
                "lat": 47.291056317714194
            },
            {
                "lng": -1.8117015937500582,
                "lat": 47.30595770765502
            },
            {
                "lng": -1.9874828437500582,
                "lat": 47.34691487653102
            },
            {
                "lng": -2.2236888984375582,
                "lat": 47.339470480641324
            },
            {
                "lng": -2.2621410468750582,
                "lat": 47.2425977950634
            },
            {
                "lng": -2.1083324531250582,
                "lat": 47.17169399309331
            },
            {
                "lng": -1.9819896796875582,
                "lat": 47.179162014556695
            },
            {
                "lng": -1.7128246406250582,
                "lat": 47.145547646911915
            },
            {
                "lng": -1.3942211250000582,
                "lat": 47.18289563144138
            },
            {
                "lng": -1.1799877265625582,
                "lat": 47.25751283478937
            },
            {
                "lng": -0.8009594062500582,
                "lat": 47.29478205891801
            },
            {
                "lng": -0.5537670234375582,
                "lat": 47.335747889026315
            },
            {
                "lng": -0.31756096875005824,
                "lat": 47.2425977950634
            },
            {
                "lng": 0.03949469531244176,
                "lat": 47.14181140427255
            },
            {
                "lng": 0.30865973437494176,
                "lat": 47.16795958850945
            },
            {
                "lng": 0.5448657890624418,
                "lat": 47.26496877959307
            },
            {
                "lng": 0.8140308281249418,
                "lat": 47.335747889026315
            },
            {
                "lng": 1.1655933281249418,
                "lat": 47.369241765679156
            },
            {
                "lng": 1.4567310234374418,
                "lat": 47.44731148418091
            },
            {
                "lng": 1.6654712578124418,
                "lat": 47.63272611963812
            },
            {
                "lng": 1.8961841484374418,
                "lat": 47.76581872828896
            },
            {
                "lng": 2.0939380546874418,
                "lat": 47.77320280094875
            },
            {
                "lng": 2.2752124687499418,
                "lat": 47.70670840257036
            },
            {
                "lng": 2.3960620781249418,
                "lat": 47.59939987488915
            },
            {
                "lng": 2.5828296562499418,
                "lat": 47.514136294668
            },
            {
                "lng": 2.7311450859374418,
                "lat": 47.432449982837774
            },
            {
                "lng": 2.7531177421874418,
                "lat": 47.335747889026315
            },
            {
                "lng": 2.8465015312499418,
                "lat": 47.15301934443198
            },
            {
                "lng": 2.9563648124999418,
                "lat": 46.99214634828676
            },
            {
                "lng": 2.9893237968749418,
                "lat": 46.96216290582745
            },
            {
                "lng": 3.1596118828124418,
                "lat": 46.96216290582745
            },
            {
                "lng": 3.1705982109374418,
                "lat": 47.048319990047965
            }
        ]
    }
}